Index,X (m),Y (m),Z (m),Distance from Origin (m)
0,10.1158,11.9302,-1.0355,15.6758
1,6.5203,12.8070,-1.0010,14.4061
2,-0.7603,16.3411,-0.9910,16.3888
3,4.7313,16.1995,-0.9251,16.9016
4,2.8058,14.4844,-0.9146,14.7820
5,-1.1665,19.2740,-0.9107,19.3307
6,3.6786,8.6020,-0.8891,9.3977
7,8.4786,9.3674,-0.8879,12.6658
8,2.8401,10.4246,-0.8638,10.8390
9,6.3974,12.6899,-0.8574,14.2371
10,6.8845,9.8984,-0.8040,12.0839
11,11.6612,8.5704,-0.8023,14.4941
12,21.4379,8.1112,-0.7986,22.9350
13,6.0620,9.2306,-0.7969,11.0719
14,8.8282,9.7934,-0.7860,13.2086
15,18.4625,6.7308,-0.7689,19.6662
16,8.7505,10.5148,-0.7686,13.7012
17,23.1505,11.1884,-0.7607,25.7236
18,4.8797,10.8510,-0.7367,11.9205
19,5.4632,8.6917,-0.7310,10.2920
20,3.5466,15.5059,-0.7289,15.9230
21,15.0757,7.6121,-0.7166,16.9037
22,21.5017,11.9824,-0.7132,24.6254
23,22.8049,4.8292,-0.7106,23.3214
24,-3.6874,14.6328,-0.7047,15.1067
25,-2.1651,14.5617,-0.7040,14.7387
26,9.0931,10.2431,-0.7037,13.7149
27,18.8439,11.9345,-0.6879,22.3159
28,13.9293,9.5383,-0.6838,16.8959
29,12.3982,13.4715,-0.6798,18.3209
30,7.7635,8.1137,-0.6797,11.2502
31,11.5266,11.7825,-0.6736,16.4968
32,5.2147,6.1660,-0.6734,8.1035
33,15.2997,12.6909,-0.6723,19.8895
34,8.9669,10.1179,-0.6671,13.5359
35,1.7361,9.6717,-0.6607,9.8484
36,13.5858,13.2605,-0.6585,18.9960
37,3.7923,7.5207,-0.6512,8.4479
38,2.8273,9.0673,-0.6499,9.5201
39,5.0365,7.3842,-0.6431,8.9613
40,18.2154,7.9565,-0.6410,19.8876
41,10.6385,8.3057,-0.6387,13.5119
42,1.4367,22.3511,-0.6374,22.4063
43,5.0358,6.0314,-0.6371,7.8831
44,20.1596,5.8492,-0.6344,21.0006
45,17.3571,10.3284,-0.6325,20.2075
46,21.2390,6.3555,-0.6266,22.1783
47,16.8864,6.4254,-0.6260,18.0784
48,6.2493,7.0014,-0.6258,9.4056
49,21.0302,8.4877,-0.6234,22.6870
50,4.1671,5.8587,-0.6228,7.2165
51,18.5454,8.1897,-0.6215,20.2827
52,-0.0890,9.3128,-0.6207,9.3338
53,-1.7426,21.1425,-0.6200,21.2232
54,5.8499,6.4888,-0.6176,8.7583
55,16.4809,7.4194,-0.6165,18.0844
56,7.4588,6.7726,-0.6129,10.0934
57,12.2677,9.1942,-0.6104,15.3429
58,-3.2769,12.1574,-0.6099,12.6061
59,2.3159,7.9365,-0.6081,8.2898
60,11.7828,5.5143,-0.6046,13.0234
61,11.5768,5.9456,-0.6004,13.0282
62,1.9725,9.6142,-0.6001,9.8328
63,3.2072,7.1104,-0.5997,7.8232
64,8.7059,6.6805,-0.5855,10.9893
65,16.2138,4.1779,-0.5855,16.7536
66,21.3895,4.8967,-0.5825,21.9506
67,10.5274,6.7970,-0.5756,12.5442
68,9.7581,6.6905,-0.5750,11.8454
69,3.5549,6.6992,-0.5732,7.6056
70,8.3172,4.4507,-0.5706,9.4504
71,19.9893,9.1028,-0.5664,21.9717
72,9.9247,6.5621,-0.5659,11.9114
73,6.0559,3.8344,-0.5586,7.1895
74,2.6839,18.7453,-0.5576,18.9447
75,6.4409,3.7206,-0.5572,7.4591
76,13.3147,8.9772,-0.5572,16.0680
77,18.7472,4.3688,-0.5570,19.2575
78,2.7483,7.4217,-0.5569,7.9338
79,8.9833,16.9649,-0.5548,19.2046
80,21.2093,4.6003,-0.5528,21.7095
81,18.3095,14.1496,-0.5501,23.1463
82,9.9106,6.2387,-0.5480,11.7235
83,4.7097,3.3826,-0.5449,5.8241
84,20.3760,0.0549,-0.5443,20.3834
85,22.5277,3.4977,-0.5424,22.8041
86,-8.1478,12.1773,-0.5327,14.6614
87,26.2011,0.6843,-0.5324,26.2154
88,3.9548,4.3567,-0.5323,5.9081
89,11.0532,5.7760,-0.5252,12.4824
90,3.1514,5.8540,-0.5228,6.6689
91,8.6858,5.4601,-0.5222,10.2727
92,3.9869,5.2561,-0.5183,6.6175
93,26.8932,-0.0263,-0.5161,26.8981
94,-2.4812,14.6433,-0.5147,14.8609
95,9.0276,4.9193,-0.5115,10.2936
96,7.0605,4.9578,-0.5087,8.6423
97,-1.4659,6.6718,-0.5054,6.8496
98,13.5592,2.8469,-0.5028,13.8640
99,-0.2753,9.1671,-0.5021,9.1849
100,5.0055,2.5019,-0.4999,5.6182
101,17.9607,5.3490,-0.4996,18.7469
102,12.5045,4.8939,-0.4995,13.4373
103,14.4878,9.2737,-0.4990,17.2089
104,7.2240,4.2160,-0.4983,8.3791
105,24.6320,1.2801,-0.4968,24.6702
106,5.5959,3.0802,-0.4960,6.4069
107,17.1053,11.5752,-0.4946,20.6596
108,16.6760,4.2354,-0.4854,17.2123
109,25.7447,-6.3835,-0.4830,26.5287
110,13.1267,2.0765,-0.4811,13.2987
111,8.7907,4.9439,-0.4789,10.0969
112,21.2446,7.4120,-0.4664,22.5053
113,13.6963,15.2900,-0.4645,20.5326
114,10.4428,5.6533,-0.4568,11.8836
115,11.2644,6.1727,-0.4564,12.8530
116,15.5322,13.7449,-0.4536,20.7455
117,10.5729,5.3675,-0.4500,11.8658
118,-6.8407,6.1929,-0.4495,9.2384
119,20.8989,3.0588,-0.4434,21.1262
120,0.2787,7.8376,-0.4420,7.8550
121,10.7105,5.7929,-0.4411,12.1847
122,2.9624,5.7119,-0.4402,6.4495
123,1.9516,4.5164,-0.4373,4.9395
124,13.9448,-0.2164,-0.4354,13.9532
125,-3.2904,7.5423,-0.4285,8.2400
126,11.7809,1.7550,-0.4276,11.9186
127,0.7357,5.1331,-0.4266,5.2031
128,17.0870,4.6715,-0.4213,17.7191
129,-0.2574,6.8004,-0.4166,6.8181
130,15.6527,4.4057,-0.4160,16.2663
131,0.2760,3.8853,-0.4104,3.9166
132,3.0936,5.4236,-0.4103,6.2574
133,-2.1464,5.4542,-0.4076,5.8755
134,17.7950,0.7985,-0.4049,17.8175
135,2.1483,4.1603,-0.4008,4.6994
136,8.6440,3.3970,-0.3996,9.2961
137,4.0916,3.6927,-0.3969,5.5258
138,15.3980,-2.9615,-0.3914,15.6851
139,19.4221,1.6489,-0.3889,19.4958
140,-1.2234,7.0253,-0.3857,7.1415
141,19.2736,10.0621,-0.3849,21.7454
142,1.4577,4.2889,-0.3817,4.5459
143,12.0487,0.6973,-0.3815,12.0748
144,5.7991,0.7893,-0.3728,5.8644
145,6.5519,2.1277,-0.3714,6.8988
146,1.5144,3.8074,-0.3706,4.1143
147,17.5051,-0.6802,-0.3694,17.5222
148,23.3259,-4.2866,-0.3656,23.7194
149,11.6429,3.5954,-0.3633,12.1908
150,0.1901,4.5797,-0.3618,4.5979
151,24.4485,0.8320,-0.3590,24.4653
152,29.4876,6.6661,-0.3577,30.2338
153,9.6808,-0.5183,-0.3549,9.7012
154,0.0502,4.3751,-0.3543,4.3897
155,18.4966,0.2317,-0.3538,18.5015
156,-0.9443,4.3887,-0.3532,4.5030
157,1.9768,3.1823,-0.3527,3.7629
158,25.9283,1.6310,-0.3519,25.9819
159,14.2406,2.9043,-0.3517,14.5380
160,1.6299,3.2300,-0.3449,3.6343
161,11.3121,3.7353,-0.3445,11.9179
162,26.5141,5.0548,-0.3440,26.9938
163,1.6758,3.5174,-0.3434,3.9113
164,11.5568,3.8579,-0.3419,12.1885
165,23.0439,0.3133,-0.3393,23.0485
166,25.3075,9.9369,-0.3300,27.1904
167,3.2745,1.8706,-0.3273,3.7853
168,13.8712,-0.9759,-0.3189,13.9091
169,2.2702,2.2799,-0.3178,3.2330
170,2.1979,2.6825,-0.3165,3.4823
171,0.2928,-0.2520,-0.3143,0.4980
172,-2.3439,7.5103,-0.3047,7.8735
173,2.2756,2.1869,-0.3029,3.1706
174,-5.5453,9.5274,-0.3018,11.0279
175,-4.2466,5.6452,-0.3007,7.0705
176,23.0243,-2.8274,-0.3005,23.1992
177,4.2077,2.2598,-0.3004,4.7856
178,7.5024,-1.3565,-0.2990,7.6300
179,6.6181,0.1183,-0.2984,6.6259
180,1.9235,3.5751,-0.2984,4.0707
181,26.5472,7.2628,-0.2980,27.5244
182,9.4485,2.0869,-0.2975,9.6808
183,9.0860,-0.7522,-0.2964,9.1219
184,16.2396,2.9666,-0.2941,16.5109
185,-1.8068,7.3327,-0.2938,7.5577
186,4.0353,2.1766,-0.2860,4.5938
187,20.3651,-2.2368,-0.2856,20.4895
188,-0.8088,4.1968,-0.2825,4.2833
189,0.2541,2.9765,-0.2787,3.0003
190,7.2446,-2.8262,-0.2752,7.7812
191,1.3301,1.5278,-0.2748,2.0442
192,-2.8026,4.5315,-0.2741,5.3352
193,0.4272,2.8834,-0.2724,2.9276
194,19.1138,0.8138,-0.2722,19.1331
195,5.4190,-0.5371,-0.2718,5.4523
196,1.7292,1.5824,-0.2705,2.3595
197,5.3977,-1.7005,-0.2692,5.6656
198,-7.4261,3.4375,-0.2685,8.1875
199,-6.5175,6.3702,-0.2674,9.1175
200,-1.2402,3.9260,-0.2663,4.1258
201,20.4100,-2.6199,-0.2661,20.5792
202,-1.9649,3.7251,-0.2625,4.2197
203,10.1784,2.0437,-0.2608,10.3848
204,0.3669,1.1302,-0.2598,1.2163
205,9.9733,-2.0310,-0.2588,10.1812
206,0.5725,2.0668,-0.2582,2.1601
207,30.2674,0.2502,-0.2578,30.2696
208,0.1820,2.2500,-0.2557,2.2718
209,0.4469,2.0645,-0.2503,2.1271
210,-0.5687,2.6388,-0.2481,2.7108
211,-2.6488,4.9026,-0.2479,5.5779
212,-0.2864,2.2662,-0.2477,2.2976
213,-7.5904,4.4644,-0.2477,8.8094
214,2.1018,0.9930,-0.2476,2.3378
215,-1.6092,4.2668,-0.2467,4.5668
216,0.1959,2.4431,-0.2463,2.4633
217,22.1775,-3.8520,-0.2449,22.5109
218,17.3668,-3.9767,-0.2439,17.8180
219,-3.0716,3.9837,-0.2428,5.0363
220,2.4818,0.5041,-0.2409,2.5439
221,1.0417,1.6872,-0.2408,1.9975
222,14.4597,1.0065,-0.2387,14.4966
223,0.0973,2.2131,-0.2322,2.2273
224,17.9704,-3.3570,-0.2302,18.2827
225,-0.1897,1.7174,-0.2298,1.7430
226,-1.9870,3.1229,-0.2272,3.7084
227,0.5774,1.6770,-0.2263,1.7880
228,16.6958,1.0858,-0.2255,16.7326
229,2.8974,0.1724,-0.2242,2.9112
230,0.4007,1.5504,-0.2239,1.6169
231,19.6797,-1.7838,-0.2215,19.7617
232,5.2056,-1.0358,-0.2197,5.3122
233,-1.9170,3.7522,-0.2190,4.2192
234,7.9886,1.1538,-0.2137,8.0743
235,7.0225,0.9837,-0.2136,7.0943
236,-3.3162,2.7904,-0.2131,4.3392
237,9.1208,0.4024,-0.2086,9.1320
238,-0.5358,2.0182,-0.2086,2.0985
239,4.8307,-1.0620,-0.2084,4.9504
240,1.4740,0.7832,-0.2083,1.6821
241,-1.7249,2.3495,-0.2061,2.9220
242,11.9271,0.3259,-0.2055,11.9333
243,23.9837,-7.3362,-0.2049,25.0815
244,1.3492,-0.2369,-0.1983,1.3842
245,-9.2901,10.8616,-0.1971,14.2940
246,25.8715,-2.6749,-0.1971,26.0101
247,-0.3823,1.9703,-0.1961,2.0166
248,-2.6201,3.4394,-0.1927,4.3280
249,17.9948,-3.0952,-0.1898,18.2601
250,0.5390,0.9177,-0.1887,1.0809
251,-4.5431,2.2768,-0.1880,5.0852
252,7.3910,-2.6312,-0.1865,7.8476
253,-0.0092,0.8458,-0.1849,0.8658
254,-0.0483,1.1971,-0.1847,1.2122
255,8.6785,-2.1159,-0.1821,8.9346
256,-3.6891,3.4191,-0.1781,5.0330
257,17.5047,-3.6924,-0.1778,17.8908
258,-0.7236,1.6674,-0.1776,1.8263
259,1.6086,-4.8650,-0.1773,5.1271
260,-2.4316,2.9586,-0.1757,3.8336
261,0.4014,-0.5901,-0.1732,0.7344
262,22.9066,-0.8766,-0.1724,22.9240
263,-2.0848,2.6717,-0.1714,3.3932
264,2.2388,-1.5930,-0.1710,2.7530
265,5.6255,-0.4885,-0.1664,5.6492
266,5.8659,-3.6466,-0.1652,6.9090
267,-2.7043,1.7041,-0.1638,3.2006
268,1.7372,-0.0928,-0.1630,1.7473
269,1.8978,-0.3999,-0.1608,1.9461
270,-3.0496,2.1564,-0.1607,3.7385
271,-0.2200,0.4616,-0.1599,0.5358
272,3.3672,-1.3431,-0.1593,3.6287
273,-0.6968,0.5658,-0.1586,0.9115
274,-1.7943,1.5915,-0.1584,2.4037
275,0.2135,-1.1722,-0.1558,1.2016
276,3.3341,-1.0281,-0.1554,3.4925
277,-1.7777,1.2798,-0.1547,2.1959
278,0.5171,-0.1619,-0.1532,0.5631
279,-3.6077,1.6572,-0.1499,3.9730
280,3.7983,0.5217,-0.1497,3.8368
281,-1.5551,1.1393,-0.1495,1.9336
282,-1.0032,0.9107,-0.1472,1.3629
283,0.2265,0.3139,-0.1444,0.4131
284,-2.7334,1.6341,-0.1439,3.1879
285,27.1415,-4.2636,-0.1407,27.4747
286,20.3002,-4.9384,-0.1397,20.8927
287,1.9351,-0.5366,-0.1388,2.0129
288,-8.5633,2.7580,-0.1385,8.9976
289,-2.6683,1.3064,-0.1312,2.9739
290,-12.0401,3.7609,-0.1310,12.6144
291,19.9509,-6.6361,-0.1303,21.0260
292,0.3507,-0.5783,-0.1302,0.6887
293,1.3864,-1.2382,-0.1300,1.8634
294,1.3363,-4.4696,-0.1298,4.6668
295,11.3107,-8.9345,-0.1287,14.4144
296,1.6478,-1.0539,-0.1272,1.9601
297,5.5976,0.0494,-0.1264,5.5993
298,-2.6079,1.2674,-0.1258,2.9023
299,23.0846,-9.5518,-0.1257,24.9831
300,0.2886,-1.7357,-0.1215,1.7638
301,13.9005,-3.0666,-0.1201,14.2352
302,-0.3853,-0.0155,-0.1192,0.4036
303,16.1520,-4.7867,-0.1184,16.8468
304,-5.4587,2.2019,-0.1145,5.8872
305,10.1556,-3.3342,-0.1145,10.6896
306,-0.8363,0.5261,-0.1135,0.9945
307,7.6069,-2.8391,-0.1132,8.1202
308,0.8729,-0.5999,-0.1131,1.0652
309,-0.7866,0.1169,-0.1115,0.8030
310,0.1120,-0.4100,-0.1111,0.4393
311,1.4010,-1.7648,-0.1095,2.2560
312,13.2403,-4.3012,-0.1092,13.9218
313,-3.1778,0.5735,-0.1092,3.2309
314,23.7494,-8.6637,-0.1090,25.2806
315,-1.8130,0.4402,-0.1086,1.8688
316,2.6850,-1.2258,-0.1071,2.9535
317,10.0876,-2.9893,-0.1066,10.5218
318,3.4782,-1.3163,-0.1065,3.7204
319,-0.7506,-1.2003,-0.0995,1.4192
320,-6.2518,2.9177,-0.0984,6.8998
321,-0.4899,-0.3330,-0.0961,0.6001
322,15.3889,-2.5703,-0.0958,15.6024
323,5.4735,-2.4813,-0.0932,6.0104
324,-3.9996,1.3090,-0.0929,4.2094
325,-0.4647,-0.4798,-0.0919,0.6743
326,1.3881,-1.6086,-0.0876,2.1265
327,-3.2794,-3.3753,-0.0863,4.7069
328,-2.4666,0.2602,-0.0854,2.4818
329,14.6604,-8.4437,-0.0836,16.9184
330,20.2491,-5.9917,-0.0833,21.1171
331,-2.1367,0.1535,-0.0805,2.1437
332,-0.2165,-1.2371,-0.0775,1.2583
333,4.7152,-1.2622,-0.0752,4.8818
334,0.9830,-5.3435,-0.0742,5.4336
335,10.1451,-2.6786,-0.0733,10.4931
336,17.1020,-6.0314,-0.0733,18.1346
337,-4.3910,1.4481,-0.0716,4.6242
338,-2.0100,0.0871,-0.0714,2.0132
339,-1.3024,-1.4506,-0.0687,1.9508
340,-4.8878,-0.8938,-0.0651,4.9693
341,-3.8242,0.7691,-0.0643,3.9013
342,4.0091,-2.2869,-0.0640,4.6159
343,2.9840,-1.4534,-0.0633,3.3197
344,-0.3485,-1.2779,-0.0623,1.3260
345,-12.7511,2.3532,-0.0616,12.9666
346,15.8494,-5.1777,-0.0599,16.6738
347,-9.2964,2.6330,-0.0597,9.6623
348,-1.7284,-0.6995,-0.0588,1.8655
349,0.4876,-2.3323,-0.0583,2.3835
350,12.8775,-2.1815,-0.0580,13.0611
351,0.2979,0.7132,-0.0574,0.7751
352,-3.8851,-0.5220,-0.0539,3.9204
353,9.7744,-2.6730,-0.0519,10.1334
354,-9.5714,-1.2035,-0.0506,9.6469
355,9.3633,-1.6166,-0.0505,9.5019
356,17.2736,-8.4789,-0.0496,19.2425
357,-4.1729,-0.1876,-0.0451,4.1773
358,4.5343,-3.9860,-0.0441,6.0374
359,-4.3519,-1.1097,-0.0439,4.4914
360,-6.0503,-0.4064,-0.0436,6.0641
361,-2.9893,-0.6350,-0.0426,3.0563
362,1.2369,-5.0191,-0.0417,5.1694
363,-2.7302,-0.8330,-0.0394,2.8547
364,-1.5710,-2.5785,-0.0383,3.0196
365,-1.8474,-0.5623,-0.0382,1.9315
366,-3.0361,-0.8739,-0.0367,3.1596
367,12.7223,-10.0177,-0.0354,16.1930
368,-2.7360,-2.0092,-0.0340,3.3946
369,1.3629,-3.1061,-0.0328,3.3921
370,-7.8583,0.9165,-0.0268,7.9116
371,16.3125,-6.0951,-0.0266,17.4141
372,0.0745,-6.7019,-0.0253,6.7024
373,-0.8929,-5.2804,-0.0247,5.3554
374,13.4788,-5.1778,-0.0232,14.4391
375,5.9548,-2.9902,-0.0228,6.6634
376,-6.7429,-1.2766,-0.0188,6.8627
377,-3.1851,-1.4568,-0.0166,3.5025
378,8.6593,-5.2818,-0.0149,10.1430
379,13.6759,-4.9074,-0.0145,14.5297
380,-7.7892,0.4660,-0.0119,7.8032
381,2.2461,-3.5846,-0.0108,4.2302
382,7.2248,-3.2714,-0.0100,7.9309
383,-0.0059,-3.1415,-0.0096,3.1415
384,2.7666,-2.8181,-0.0086,3.9491
385,13.6582,-5.5614,-0.0085,14.7471
386,0.3655,-4.4452,-0.0065,4.4602
387,5.2767,-3.5576,-0.0047,6.3639
388,3.5969,-10.3246,-0.0004,10.9332
389,11.1313,-4.4445,0.0005,11.9858
390,15.4710,-12.6542,0.0034,19.9870
391,-3.5650,-1.3052,0.0062,3.7964
392,-8.1726,1.9870,0.0080,8.4107
393,12.2451,-7.4461,0.0098,14.3313
394,-3.3335,-1.0636,0.0098,3.4991
395,10.2434,-11.0334,0.0127,15.0554
396,16.7961,-9.7038,0.0128,19.3978
397,0.8281,-3.3278,0.0134,3.4293
398,12.4790,-5.2918,0.0138,13.5546
399,12.7700,-5.2269,0.0145,13.7983
400,-3.6361,1.1793,0.0181,3.8226
401,2.7002,-6.3562,0.0197,6.9060
402,-5.0784,-3.1255,0.0198,5.9631
403,7.0782,-3.7817,0.0230,8.0251
404,15.0184,-6.4287,0.0236,16.3365
405,1.1918,-4.2415,0.0250,4.4059
406,24.7766,-7.9623,0.0262,26.0245
407,2.6385,-4.9612,0.0277,5.6192
408,5.6482,-3.2327,0.0286,6.5079
409,19.4906,-8.2145,0.0325,21.1510
410,13.4373,-6.0990,0.0350,14.7567
411,11.9339,-6.3614,0.0358,13.5236
412,7.5618,-5.9267,0.0362,9.6077
413,6.1407,-5.4124,0.0380,8.1856
414,13.1838,-7.0309,0.0402,14.9415
415,-0.5268,-5.2667,0.0417,5.2931
416,7.1364,-7.9059,0.0457,10.6505
417,-11.5815,2.9739,0.0494,11.9573
418,5.2817,-8.8663,0.0533,10.3204
419,13.8330,-17.1027,0.0556,21.9968
420,-2.4292,-4.3374,0.0594,4.9717
421,24.0381,-2.4427,0.0607,24.1620
422,-2.6833,-4.4626,0.0608,5.2075
423,12.8289,-7.8521,0.0619,15.0413
424,-0.2048,-7.3547,0.0642,7.3578
425,-3.3169,-4.9915,0.0645,5.9934
426,8.3639,-5.5848,0.0655,10.0573
427,21.0994,14.4509,0.0660,25.5738
428,7.2458,-8.3099,0.0672,11.0255
429,13.9238,-5.7674,0.0678,15.0711
430,2.9617,-3.5280,0.0683,4.6068
431,-3.7436,-5.2453,0.0688,6.4446
432,12.7202,-8.3917,0.0692,15.2390
433,16.1772,-8.8616,0.0699,18.4455
434,-0.5239,-5.7732,0.0700,5.7973
435,8.5347,-11.3627,0.0702,14.2112
436,12.9331,-12.0400,0.0721,17.6700
437,0.1583,-4.2635,0.0725,4.2671
438,17.5831,-11.0547,0.0741,20.7696
439,-8.4487,1.0925,0.0795,8.5194
440,-3.0536,-12.5110,0.0801,12.8785
441,4.1937,-3.4828,0.0827,5.4519
442,7.9734,-21.7942,0.0830,23.2071
443,-5.2952,-3.3528,0.0835,6.2679
444,3.2433,-10.7652,0.0836,11.2434
445,19.3778,-14.8552,0.0842,24.4168
446,13.6830,-9.5821,0.0846,16.7047
447,15.2106,-12.8166,0.0851,19.8906
448,-1.2733,-5.2769,0.0867,5.4290
449,-16.2929,-8.2233,0.0868,18.2507
450,12.9085,-10.4664,0.0872,16.6187
451,-2.9592,-4.9238,0.0884,5.7453
452,-4.8004,-3.9609,0.0884,6.2242
453,13.5129,-10.3204,0.0887,17.0034
454,17.7504,-8.4372,0.0897,19.6538
455,3.1110,-4.1223,0.0899,5.1652
456,-8.4468,-6.1028,0.0912,10.4211
457,11.7488,-8.0586,0.0925,14.2472
458,5.2866,-5.8955,0.0942,7.9192
459,2.0345,-9.7156,0.0952,9.9268
460,-3.5103,-5.1737,0.0952,6.2529
461,1.6280,-4.7346,0.0960,5.0075
462,-3.4209,-4.4690,0.0966,5.6288
463,-1.5283,-8.6603,0.0967,8.7946
464,19.3059,-15.3654,0.0979,24.6743
465,19.3775,-17.1919,0.0980,25.9048
466,22.1749,-10.6452,0.0995,24.5979
467,9.2976,-6.6654,0.0995,11.4404
468,14.1551,-8.2317,0.1001,16.3749
469,6.6375,-15.0149,0.1003,16.4169
470,5.7224,-14.4444,0.1027,15.5369
471,5.3221,-7.4557,0.1027,9.1609
472,-1.2366,-8.1462,0.1032,8.2402
473,-3.2747,-4.1440,0.1038,5.2828
474,-2.0835,-6.4639,0.1058,6.7923
475,-8.4940,-7.9430,0.1073,11.6298
476,9.2477,-6.6874,0.1098,11.4129
477,1.1978,-8.6595,0.1106,8.7426
478,15.0822,-8.9975,0.1111,17.5625
479,9.3538,-9.4723,0.1116,13.3128
480,6.0736,-15.6182,0.1130,16.7580
481,-3.4126,-2.2304,0.1140,4.0784
482,6.1654,-15.2625,0.1157,16.4611
483,15.9829,-20.4484,0.1173,25.9539
484,10.9554,-10.7599,0.1177,15.3561
485,9.5560,-10.5016,0.1177,14.1991
486,12.9242,-9.4659,0.1179,16.0204
487,-4.2930,-6.0908,0.1186,7.4526
488,10.3533,-8.5562,0.1186,13.4318
489,8.9001,-9.7081,0.1190,13.1709
490,5.5268,-7.5235,0.1192,9.3361
491,0.5994,-7.9088,0.1196,7.9324
492,4.9610,13.7279,0.1225,14.5973
493,-2.3356,-5.8341,0.1227,6.2854
494,10.2454,-10.2147,0.1233,14.4681
495,-8.3727,-0.8828,0.1243,8.4201
496,4.0261,-6.7593,0.1249,7.8685
497,6.8035,-3.7257,0.1258,7.7579
498,5.4884,-14.6664,0.1281,15.6602
499,-13.9246,-9.9821,0.1283,17.1334
500,5.1969,-14.1439,0.1285,15.0690
501,8.4483,-17.3782,0.1297,19.3233
502,7.1404,-14.5701,0.1298,16.2262
503,-1.6800,-7.8123,0.1302,7.9919
504,4.7852,-4.1637,0.1312,6.3444
505,7.8851,-16.8789,0.1314,18.6304
506,14.1792,-12.2945,0.1321,18.7676
507,16.7278,-13.8650,0.1333,21.7273
508,18.2964,-6.5742,0.1341,19.4421
509,-4.1712,-6.7291,0.1341,7.9181
510,0.0763,-8.6880,0.1343,8.6894
511,11.8944,-10.2342,0.1352,15.6919
512,11.9550,-15.6367,0.1366,19.6837
513,6.7685,-13.9003,0.1384,15.4612
514,-11.5845,0.8477,0.1390,11.6163
515,1.8972,-6.9827,0.1392,7.2372
516,8.5815,-14.8313,0.1394,17.1356
517,9.1007,-12.7828,0.1395,15.6921
518,1.4560,-10.6238,0.1399,10.7240
519,16.8417,-13.9116,0.1417,21.8448
520,7.6471,-15.2052,0.1419,17.0205
521,-7.3202,-10.2615,0.1436,12.6058
522,5.4465,-15.9010,0.1441,16.8085
523,-8.2809,-7.9361,0.1452,11.4707
524,-4.2069,-4.0679,0.1454,5.8538
525,12.3241,-5.8600,0.1470,13.6472
526,-4.7016,-2.5284,0.1475,5.3404
527,5.4433,-9.7888,0.1479,11.2014
528,6.3155,-12.0542,0.1491,13.6093
529,7.1740,-14.8771,0.1494,16.5172
530,8.1012,-14.5185,0.1509,16.6264
531,9.5212,-13.2648,0.1514,16.3288
532,-4.3897,-22.0601,0.1527,22.4932
533,9.3332,-17.2418,0.1556,19.6065
534,-1.3312,-8.4405,0.1568,8.5463
535,11.9694,-11.0339,0.1576,16.2800
536,6.6054,-11.5560,0.1583,13.3116
537,-4.6025,-1.1529,0.1611,4.7475
538,-4.2128,-8.9168,0.1632,9.8632
539,-11.3874,0.4056,0.1637,11.3958
540,-1.0208,-9.1442,0.1640,9.2025
541,0.1742,-8.3189,0.1652,8.3224
542,3.7394,-10.6256,0.1678,11.2656
543,4.8790,-14.0349,0.1683,14.8597
544,7.3622,-14.9967,0.1690,16.7072
545,2.4994,-10.3227,0.1733,10.6224
546,-10.4737,-6.1492,0.1749,12.1466
547,5.6232,-13.0843,0.1753,14.2426
548,-9.1905,-15.2109,0.1756,17.7726
549,17.5567,-13.1794,0.1763,21.9537
550,-12.4840,-7.2235,0.1764,14.4243
551,6.3494,-14.2934,0.1775,15.6413
552,2.0265,-8.6058,0.1784,8.8429
553,10.8448,-18.8326,0.1815,21.7326
554,11.9943,-20.1643,0.1819,23.4627
555,-10.7425,-4.5186,0.1826,11.6556
556,-7.8758,-5.1612,0.1832,9.4181
557,8.4527,-19.3708,0.1859,21.1355
558,15.2657,-21.4740,0.1870,26.3478
559,8.1130,-14.3403,0.1875,16.4773
560,16.9532,-19.2591,0.1876,25.6585
561,14.9557,-11.1506,0.1877,18.6560
562,0.8736,-9.4017,0.1882,9.4440
563,5.8404,-13.2638,0.1900,14.4939
564,-6.7782,-5.8023,0.1917,8.9246
565,17.3517,-10.7132,0.1918,20.3934
566,-6.2726,-5.2872,0.1922,8.2059
567,0.8338,-9.6390,0.1937,9.6770
568,-2.4302,-7.5317,0.1963,7.9165
569,-11.5735,-17.0877,0.1965,20.6391
570,6.1173,-13.5871,0.1975,14.9020
571,11.0270,-13.1095,0.1978,17.1316
572,-14.1451,-14.6669,0.1984,20.3775
573,-0.0898,-8.1308,0.1985,8.1337
574,5.7853,-12.4634,0.2032,13.7422
575,4.0211,-11.6131,0.2033,12.2912
576,-6.2284,-5.4739,0.2046,8.2945
577,12.3972,-12.7565,0.2061,17.7894
578,-3.0733,-9.5572,0.2065,10.0413
579,9.5614,-16.6448,0.2082,19.1967
580,-9.0880,-20.4291,0.2136,22.3603
581,-12.9749,-13.3574,0.2138,18.6230
582,-1.9531,-11.1606,0.2147,11.3322
583,-4.8617,-6.3955,0.2151,8.0364
584,-0.0691,-1.0027,0.2156,1.0280
585,-11.2341,-4.4059,0.2164,12.0692
586,-10.9391,-7.2118,0.2166,13.1042
587,-14.0631,0.6495,0.2167,14.0798
588,-1.7276,-9.3979,0.2233,9.5580
589,-12.4696,-7.3656,0.2249,14.4843
590,26.5734,-20.6964,0.2274,33.6829
591,8.4607,-9.9459,0.2289,13.0597
592,-2.1285,-10.4176,0.2291,10.6353
593,7.2292,-18.1947,0.2294,19.5796
594,-9.9552,-6.7029,0.2299,12.0036
595,-10.9601,-7.6070,0.2316,13.3433
596,-10.5142,-22.3395,0.2330,24.6912
597,-8.2344,-7.3073,0.2359,11.0118
598,3.2841,-15.9431,0.2359,16.2795
599,-13.6324,-6.8238,0.2360,15.2467
600,-3.5534,-7.2788,0.2390,8.1033
601,-7.4120,-7.8828,0.2410,10.8228
602,-11.8966,-9.0918,0.2431,14.9750
603,-6.1471,-5.8982,0.2444,8.5226
604,-0.1683,-11.5979,0.2455,11.6017
605,-5.4033,-8.2145,0.2503,9.8355
606,-10.3658,-10.2201,0.2526,14.5590
607,-11.3794,-6.0781,0.2528,12.9034
608,-15.5486,-2.7448,0.2532,15.7910
609,-6.2130,-8.1657,0.2538,10.2637
610,2.4266,-11.2970,0.2561,11.5575
611,-9.8673,-4.6464,0.2562,10.9096
612,-5.5130,-10.0694,0.2585,11.4828
613,-16.7034,-9.3748,0.2592,19.1562
614,-11.4205,-9.0359,0.2601,14.5651
615,-14.3753,-10.7433,0.2611,17.9481
616,-6.7886,-8.4060,0.2615,10.8081
617,-3.4195,-9.8493,0.2642,10.4294
618,11.0612,-16.5977,0.2662,19.9476
619,-2.9520,-8.8796,0.2662,9.3612
620,17.9954,-10.7526,0.2668,20.9648
621,8.8297,-17.2725,0.2669,19.4003
622,-6.4788,-24.4881,0.2671,25.3321
623,-6.9799,-5.5778,0.2693,8.9389
624,-7.8748,-7.8102,0.2706,11.0944
625,-6.3344,-8.3584,0.2715,10.4910
626,-8.2961,-6.5909,0.2727,10.5990
627,4.0645,-11.5306,0.2727,12.2291
628,-4.5462,-9.7284,0.2740,10.7417
629,-10.6591,-17.0605,0.2755,20.1185
630,-5.9903,-8.7562,0.2757,10.6128
631,-2.2093,-7.6678,0.2761,7.9845
632,-16.3901,-8.9325,0.2792,18.6682
633,3.1397,-18.4646,0.2798,18.7317
634,16.4717,-12.7743,0.2816,20.8465
635,-7.6097,-8.6737,0.2834,11.5421
636,-7.6344,-12.7827,0.2844,14.8917
637,-4.8941,-10.7365,0.2845,11.8028
638,-5.3241,-10.0364,0.2849,11.3647
639,3.1778,-16.6709,0.2852,16.9735
640,-6.5918,-8.2804,0.2859,10.5876
641,-7.2465,-8.9082,0.2859,11.4870
642,13.1941,-17.0686,0.2863,21.5755
643,-7.2565,-8.6397,0.2869,11.2864
644,-7.5564,-7.9218,0.2871,10.9516
645,-10.4394,-8.4564,0.2873,13.4378
646,-6.5458,-8.9697,0.2879,11.1079
647,-5.6529,-9.2946,0.2916,10.8826
648,-2.8865,-13.0002,0.2917,13.3200
649,-9.9991,-7.8418,0.2921,12.7107
650,-14.3642,-8.0763,0.2928,16.4816
651,-6.1777,-12.3525,0.2938,13.8143
652,-6.3616,-9.9436,0.2956,11.8082
653,-3.4964,-12.6311,0.2956,13.1095
654,-6.8133,-9.0000,0.2963,11.2919
655,-9.2869,-7.7346,0.2964,12.0896
656,-7.9708,-9.2970,0.2982,12.2498
657,-8.3441,-8.9739,0.2995,12.2574
658,-4.9439,-8.9547,0.3003,10.2332
659,-6.8995,-9.1713,0.3011,11.4807
660,-4.4620,-9.2902,0.3018,10.3106
661,-7.4512,-9.1309,0.3035,11.7892
662,-13.5451,-12.8883,0.3046,18.6995
663,-13.3318,-9.7421,0.3050,16.5148
664,-7.1828,-9.4031,0.3050,11.8365
665,-8.1375,-10.7135,0.3059,13.4570
666,-7.0971,-9.5213,0.3067,11.8794
667,-7.2479,-9.6238,0.3067,12.0517
668,-6.2668,-9.1543,0.3068,11.0981
669,-7.1918,-9.4297,0.3070,11.8632
670,-7.7713,-9.5410,0.3100,12.3093
671,-7.0043,-9.7759,0.3119,12.0302
672,-8.3522,-10.3690,0.3126,13.3181
673,-6.2263,-9.3378,0.3129,11.2276
674,-7.0646,-10.4660,0.3132,12.6311
675,-13.4092,-8.0107,0.3136,15.6229
676,-6.9124,-9.2202,0.3138,11.5278
677,-5.9152,-9.5302,0.3147,11.2211
678,-4.9577,-11.7049,0.3150,12.7154
679,-6.1981,-9.4249,0.3150,11.2847
680,18.3030,-26.0321,0.3152,31.8241
681,-7.3241,-9.4299,0.3157,11.9443
682,-6.1436,-9.6009,0.3160,11.4027
683,-11.7085,-12.4172,0.3167,17.0697
684,-8.4303,-10.3196,0.3171,13.3291
685,6.6746,-11.8857,0.3171,13.6353
686,-7.0089,-9.9239,0.3175,12.1535
687,-6.3597,-10.0231,0.3182,11.8747
688,-6.4734,-9.9688,0.3183,11.8905
689,-6.4989,-10.3508,0.3192,12.2261
690,-6.2403,-12.3437,0.3199,13.8351
691,2.6305,-24.5312,0.3201,24.6739
692,15.9837,-16.6346,0.3202,23.0714
693,-5.9695,-9.2588,0.3207,11.0210
694,-8.2536,-9.6688,0.3208,12.7165
695,-7.8678,-10.1502,0.3214,12.8465
696,-7.1618,-10.8021,0.3215,12.9646
697,-6.9864,-10.1845,0.3215,12.3547
698,-12.4097,-9.2808,0.3216,15.4996
699,-8.9950,-11.0293,0.3223,14.2359
700,-6.4634,-10.0946,0.3228,11.9908
701,-6.1921,-9.8521,0.3234,11.6409
702,-7.0149,-10.1203,0.3238,12.3180
703,-5.9139,-9.2552,0.3244,10.9881
704,-11.0006,-8.8894,0.3248,14.1471
705,-8.2899,-10.7845,0.3266,13.6064
706,-1.3918,-15.6916,0.3283,15.7566
707,-7.3580,-10.3912,0.3290,12.7368
708,-7.1513,-10.1394,0.3294,12.4120
709,-9.0816,-10.3708,0.3295,13.7891
710,-6.8884,-10.3502,0.3309,12.4373
711,-12.2465,-4.8372,0.3313,13.1714
712,-8.7649,-10.7799,0.3322,13.8975
713,-8.8986,-12.3086,0.3327,15.1920
714,-6.4149,-10.2392,0.3335,12.0873
715,-9.5969,-11.4665,0.3348,14.9564
716,0.5328,-12.9423,0.3356,12.9577
717,-7.1770,-10.6086,0.3377,12.8127
718,-7.1801,-10.3850,0.3378,12.6300
719,-10.5637,-14.8761,0.3413,18.2485
720,-6.6314,-11.5695,0.3436,13.3397
721,-1.9292,-11.0437,0.3436,11.2162
722,-6.0057,-9.6899,0.3438,11.4053
723,-6.2603,-13.4278,0.3451,14.8195
724,-18.5085,-22.6089,0.3455,29.2206
725,-2.8842,-12.9013,0.3456,13.2243
726,-9.0310,-13.1463,0.3477,15.9532
727,17.5882,-16.8596,0.3478,24.3662
728,-6.2438,-10.7635,0.3481,12.4483
729,-13.9434,-17.5200,0.3571,22.3941
730,-13.3173,2.9659,0.3587,13.6483
731,-8.1234,-11.2938,0.3625,13.9166
732,-7.0644,-10.9589,0.3628,13.0436
733,-7.7008,-12.9662,0.3632,15.0850
734,-7.7088,-11.4818,0.3643,13.8343
735,-8.7398,-13.3420,0.3669,15.9539
736,-15.7073,-8.5495,0.3679,17.8872
737,-7.1603,-11.6371,0.3707,13.6685
738,-16.8110,-10.5182,0.3718,19.8338
739,-3.4174,-12.8871,0.3730,13.3377
740,-17.9806,-11.2341,0.3770,21.2049
741,-6.7564,-14.1946,0.3785,15.7251
742,6.5861,20.4075,0.3898,21.4475
743,8.8919,-22.1330,0.3904,23.8556
744,-2.6619,-11.7842,0.3925,12.0875
745,-5.8865,-12.1285,0.3948,13.4873
746,-3.1949,-19.2714,0.4035,19.5386
747,6.5445,-21.8826,0.4079,22.8439
748,-17.5756,-9.1632,0.4079,19.8250
749,-6.9794,-12.8256,0.4116,14.6074
750,-16.9125,-6.4615,0.4149,18.1096
751,-2.2714,-12.5029,0.4212,12.7145
752,-0.2309,-15.5013,0.4249,15.5088
753,-4.7545,-16.1357,0.4304,16.8271
754,17.7090,-21.3890,0.4335,27.7721
755,-14.8202,-7.6981,0.4411,16.7061
756,-18.0534,-9.2334,0.4519,20.2827
757,-4.6168,-14.3937,0.4585,15.1229
758,-5.9322,-20.7936,0.4643,21.6282
759,-5.0140,-12.9718,0.4839,13.9156
760,19.6585,-19.6751,0.5106,27.8177
761,-1.5003,-14.9301,0.5149,15.0141
762,-7.4605,-25.1688,0.5304,26.2566
763,7.1689,20.0494,0.5651,21.3000
764,-16.2907,-5.0604,0.5852,17.0686
765,17.0724,-26.9914,0.6001,31.9431
766,-3.0991,-20.1897,0.6062,20.4352
767,2.0111,-24.8689,0.6279,24.9580
768,5.4087,15.2254,0.6488,16.1706
769,-7.3420,-5.4122,0.6678,9.1457
770,30.1076,-3.7975,0.6751,30.3537
771,-5.1289,-3.0767,0.6839,6.0199
772,1.8445,-12.6963,0.7026,12.8488
773,2.4741,-15.1008,0.7360,15.3198
774,4.2595,21.3515,0.8339,21.7882
775,-6.5470,-5.2640,0.8463,8.4433
776,-17.7332,-23.9349,0.9121,29.8023
777,18.4466,-9.9661,0.9126,20.9865
778,21.7265,14.0955,0.9352,25.9152
779,24.8467,-9.0818,0.9497,26.4715
780,-12.7256,4.2617,0.9559,13.4543
781,-7.8332,-4.9506,0.9958,9.3198
782,2.9107,-26.3413,0.9992,26.5204
783,1.2110,-12.4246,1.0228,12.5253
784,-17.1596,-24.3258,1.0235,29.7867
785,-11.7765,6.0772,1.1425,13.3013
786,-4.8851,-1.5628,1.1560,5.2576
787,-11.5483,-23.3356,1.1789,26.0635
788,-19.2247,-12.2576,1.2390,22.8336
789,21.7376,-4.7223,1.2486,22.2796
790,-7.0466,-5.5790,1.3083,9.0825
791,-17.7558,-9.2239,1.3993,20.0576
792,23.7533,13.3784,1.4927,27.3026
793,-0.9197,-24.5000,1.6650,24.5737
794,6.2135,20.4848,1.6700,21.4714
795,16.7567,16.1921,1.7834,23.3699
796,-6.6563,-2.6855,1.8001,7.3999
797,11.5612,-26.5114,1.8313,28.9805
798,-20.4848,-16.2193,1.8350,26.1928
799,-6.4746,-4.3501,1.8807,8.0238
800,-10.3187,-1.9081,1.9676,10.6765
801,12.1811,-0.2290,2.1539,12.3722
802,31.0611,-0.6122,2.1780,31.1434
803,17.9311,-10.7870,2.1943,21.0404
804,1.5115,-11.9752,2.1969,12.2685
805,-9.7712,-1.8137,2.2470,10.1890
806,-2.5973,-21.3997,2.3509,21.6845
807,2.0043,-12.2437,2.3628,12.6296
808,4.3781,-12.0813,2.4671,13.0848
809,-16.8844,-6.2247,2.5096,18.1694
810,29.6969,-4.4444,2.5508,30.1357
811,-7.6783,14.1319,2.7652,16.3192
812,-11.4824,5.2766,2.8147,12.9464
813,-0.3332,-12.1285,2.9339,12.4827
814,4.7696,-12.4042,2.9863,13.6210
815,6.1410,-26.2463,3.0293,27.1249
816,-18.2885,-22.7748,3.0301,29.3657
817,-8.0983,15.3693,3.0334,17.6351
818,-11.3771,7.8218,3.0471,14.1387
819,19.7400,-10.1305,3.0847,22.4011
820,-11.1093,5.9469,3.1220,12.9818
821,1.4221,-25.4774,3.1779,25.7142
822,31.8052,1.0968,3.1836,31.9830
823,-17.2901,-9.4080,3.1869,19.9403
824,-13.5439,-25.2357,3.1925,28.8178
825,16.4849,-12.9331,3.1981,21.1954
826,2.8718,-14.0663,3.2281,14.7149
827,-0.7770,-23.5696,3.2668,23.8076
828,-12.3895,3.6898,3.2883,13.3389
829,14.0317,-27.6022,3.3347,31.1431
830,18.5558,15.4644,3.3921,24.3920
831,1.2741,-12.5165,3.4066,13.0343
832,1.7445,-11.0937,3.4462,11.7470
833,17.2221,15.9926,3.4582,23.7555
834,-11.8482,5.2428,3.4869,13.4174
835,-19.9549,-16.6271,3.4937,26.2081
836,-14.2476,0.7620,3.5540,14.7040
837,0.5875,-24.0228,3.5590,24.2921
838,1.1244,22.5471,3.5733,22.8561
839,4.1291,-12.4291,3.5884,13.5797
840,1.4851,-11.3155,3.6380,11.9783
841,-1.4391,-11.9289,3.6716,12.5639
842,17.1449,-12.0145,3.7034,21.2605
843,29.2156,-5.1251,3.7082,29.8926
844,1.5491,20.3100,3.7347,20.7086
845,3.3704,-13.3754,3.7574,14.2962
846,23.8348,11.3132,3.8367,26.6610
847,18.3585,-12.2762,3.8852,22.4240
848,19.9082,14.9149,3.8981,25.1791
849,31.7646,0.7963,3.9045,32.0136
850,-0.1304,-12.3795,3.9257,12.9877
851,1.6971,-10.4748,3.9860,11.3354
852,2.6752,-16.0660,3.9947,16.7699
853,-5.3290,21.7498,4.0303,22.7529
854,0.6375,-11.3000,4.0486,12.0203
855,20.3102,14.8077,4.0713,25.4627
856,20.0369,-11.3869,4.0926,23.4070
857,-13.6526,2.0188,4.1084,14.3996
858,-14.0102,0.8655,4.1140,14.6274
859,16.5369,-11.5832,4.1408,20.6103
860,4.8150,-12.8633,4.1843,14.3582
861,-9.1962,-3.4520,4.2292,10.6946
862,3.0263,-12.0399,4.2297,13.1152
863,18.5341,-14.7300,4.3131,24.0642
864,17.5004,-13.7966,4.3536,22.7060
865,18.6676,-14.2544,4.3593,23.8887
866,2.7285,-15.4461,4.4181,16.2956
867,-20.8171,-16.7465,4.5433,27.1005
868,-6.9008,-25.3219,4.5479,26.6364
869,2.4386,-19.4238,4.6618,20.1237
870,-16.7778,-5.8541,4.7567,18.3954
871,19.0305,-11.4808,4.7968,22.7371
872,3.5645,-17.7113,4.8405,18.7037
873,-3.5358,24.5855,4.9111,25.3193
874,-16.5501,-5.1481,4.9225,18.0178
875,-22.7732,-19.9785,4.9617,30.6982
876,7.9633,-5.1930,4.9971,10.7402
877,-1.7128,-12.9812,5.0249,14.0248
878,18.3961,-10.8594,5.0757,21.9569
879,11.5409,18.4446,5.0762,22.3419
880,26.6671,-18.7839,5.1513,33.0228
881,-16.4072,-24.5252,5.1558,29.9543
882,1.1416,-11.9677,5.1859,13.0928
883,3.5297,-16.1841,5.1870,17.3577
884,3.6145,-14.6486,5.1938,15.9568
885,31.4953,0.5688,5.2035,31.9273
886,-6.9883,18.0804,5.2227,20.0752
887,1.6987,-15.1256,5.2504,16.1008
888,31.2780,2.0529,5.2656,31.7845
889,-16.3424,-4.9962,5.2774,17.8854
890,0.9654,-13.0042,5.2847,14.0702
891,-11.4221,7.5978,5.3251,14.7156
892,-19.8690,-13.8370,5.3279,24.7917
893,23.4304,-8.8062,5.3375,25.5934
894,-10.0865,10.8695,5.3651,15.7692
895,-9.1372,12.8858,5.3928,16.6917
896,-11.1687,8.0080,5.4131,14.7706
897,2.9780,-15.5074,5.4876,16.7171
898,7.0030,17.7443,5.5170,19.8579
899,-1.6699,-14.5766,5.7387,15.7543
900,-11.1899,6.7527,5.7549,14.2804
901,19.3489,12.2488,5.7868,23.6199
902,13.8315,16.6337,5.7911,22.3949
903,2.7853,-11.8225,5.8070,13.4629
904,31.3031,2.3938,5.8526,31.9353
905,2.2493,-11.8876,5.8791,13.4513
906,20.6728,-10.5882,5.8802,23.9594
907,1.7028,-12.4501,5.9251,13.8928
908,-2.9324,-26.6690,5.9474,27.4810
909,3.0293,-16.2387,5.9555,17.5596
910,-3.3478,24.1812,5.9587,25.1285
911,-0.3555,-14.5790,5.9997,15.7693
912,2.4108,-11.9752,6.0148,13.6160
913,30.6996,-8.5986,6.0283,32.4460
914,24.7273,10.1047,6.0370,27.3859
915,20.0171,-12.7523,6.0379,24.4900
916,26.2908,10.5893,6.0433,28.9803
917,54.5354,-0.9869,6.0445,54.8782
918,6.0382,20.4781,6.0536,22.1915
919,15.7147,16.4949,6.0698,23.5770
920,-0.3184,1.7504,6.0978,6.3521
921,34.4170,1.0123,6.1043,34.9689
922,2.7923,-11.6666,6.1490,13.4803
923,-3.2982,-23.3608,6.2030,24.3943
924,17.1766,16.8278,6.2377,24.8418
925,16.1591,17.5908,6.3168,24.7074
926,3.4473,-15.4711,6.3741,17.0842
927,1.7896,-14.9614,6.3758,16.3614
928,-17.4952,-9.7432,6.4174,21.0284
929,15.8447,-25.7696,6.4544,30.9319
930,2.5326,-12.8391,6.4853,14.6053
931,31.3339,-7.5546,6.4956,32.8798
932,-11.2716,-22.4051,6.5072,25.9111
933,15.1941,19.3635,6.5143,25.4606
934,1.2214,-12.7706,6.5199,14.3906
935,12.2815,-1.1845,6.5229,13.9566
936,27.4448,-8.9830,6.5873,29.6193
937,-17.8393,-10.7052,6.5984,21.8261
938,-1.1155,-15.3236,6.6106,16.7259
939,-20.2656,-14.3077,6.6645,25.6870
940,-17.5576,-7.4028,6.7764,20.2235
941,4.2640,-24.3414,6.7844,25.6264
942,-0.6110,-24.8036,6.7914,25.7238
943,-0.2409,-15.4099,6.8237,16.8548
944,-15.8593,-3.2549,6.8815,17.5916
945,-8.4816,-24.6839,6.9054,26.9985
946,-18.3319,-9.4254,6.9207,21.7438
947,1.4657,-16.5649,7.0965,18.0805
948,-1.3778,-18.4830,7.0966,19.8465
949,43.7292,-3.6898,7.1098,44.4568
950,-22.5795,-22.0618,7.1597,32.3699
951,12.6103,-2.1794,7.1942,14.6808
952,-8.4042,14.8918,7.2158,18.5597
953,41.2137,-10.0566,7.2384,43.0361
954,12.1348,-2.3334,7.2431,14.3234
955,-19.5762,-12.5414,7.2563,24.3551
956,-0.2048,-15.3529,7.2872,16.9958
957,11.9198,-2.3969,7.3212,14.1925
958,2.1126,-14.4221,7.3726,16.3344
959,19.0257,-10.6810,7.4107,23.0430
960,13.6673,17.6077,7.5761,23.5419
961,-20.1228,-14.2380,7.6336,25.8054
962,13.4210,-1.0852,7.7872,15.5545
963,-21.6703,-17.8318,7.7924,29.1255
964,-13.1033,3.4090,7.8007,15.6259
965,-13.0789,3.3371,7.8575,15.6184
966,10.3884,-26.1989,7.9485,29.2828
967,1.3547,-15.9993,7.9653,17.9237
968,-11.5743,7.2982,8.0247,15.8626
969,0.4138,-25.2807,8.0327,26.5294
970,-13.8367,1.7691,8.0421,16.1015
971,10.5763,19.6255,8.2532,23.7725
972,14.6239,-27.6231,8.3829,32.3600
973,10.6551,19.7385,8.3913,23.9490
974,-16.2871,-4.7471,8.4616,18.9579
975,-0.9561,-24.7106,8.4939,26.1472
976,11.7848,19.2222,8.4983,24.0956
977,-19.2232,-12.0012,8.5712,24.2286
978,-5.2213,20.8611,8.6655,23.1849
979,17.5446,-29.0654,8.6982,35.0467
980,-3.9125,-35.1722,9.1377,36.5499
981,-11.7493,7.0865,9.2400,16.5422
982,18.1703,-25.8116,9.2422,32.8910
983,7.9273,-24.7221,9.4486,27.6279
984,-13.0401,1.8982,9.6119,16.3106
985,15.2930,-28.2607,9.6221,33.5430
986,-2.4134,-35.3739,9.7194,36.7641
987,6.9901,-25.9859,9.7819,28.6324
988,11.1540,-40.5541,9.9755,43.2268
989,4.4857,-32.6772,9.9920,34.4639
990,-1.3904,-26.0538,10.0021,27.9423
991,14.3152,-33.9869,10.1836,38.2589
992,7.0899,-4.5012,10.2463,13.2482
993,6.6134,-4.0225,10.4027,12.9667
994,20.3756,-12.0223,12.5662,26.7883
995,17.3381,-11.0494,12.6088,24.1181
996,17.6797,-9.2563,12.8022,23.7096
997,17.8240,-9.3495,12.9248,23.9198
998,18.6463,-10.4979,13.9592,25.5489
999,19.6283,-9.7960,15.4730,26.8448
